{
  "project_info": {
    "project_number": "253056978788",
    "project_id": "contactos-a4117",
    "storage_bucket": "contactos-a4117.appspot.com"
  },
  "client": [
    {
      "client_info": {
        "mobilesdk_app_id": "1:253056978788:android:3a127a49f8f4dad7a43471",
        "android_client_info": {
          "package_name": "com.example.contacts"
        }
      },
      "oauth_client": [
        {
          "client_id": "253056978788-ushtvpdcrj64iq1krlkpbji9qpmfcsho.apps.googleusercontent.com",
          "client_type": 1,
          "android_info": {
            "package_name": "com.example.contacts",
            "certificate_hash": "3854ce16bda1f37e67cf14c51f75091e5d84827f"
          }
        },
        {
          "client_id": "253056978788-fpn59dfht58ipcrj9hje8a3404k6pueh.apps.googleusercontent.com",
          "client_type": 3
        }
      ],
      "api_key": [
        {
          "current_key": "AIzaSyCBMEfObbnDNuyn5rnItNe7M1b3Yxlf1A0"
        }
      ],
      "services": {
        "appinvite_service": {
          "other_platform_oauth_client": [
            {
              "client_id": "253056978788-fpn59dfht58ipcrj9hje8a3404k6pueh.apps.googleusercontent.com",
              "client_type": 3
            }
          ]
        }
      }
    }
  ],
  "configuration_version": "1"
}